Class,Position,Entropy
Class_1a_xrRNA_final,1,1.1123886326519672
Class_1a_xrRNA_final,2,-0.0
Class_1a_xrRNA_final,3,-0.0
Class_1a_xrRNA_final,4,-0.0
Class_1a_xrRNA_final,5,0.17738945318599736
Class_1a_xrRNA_final,6,-0.0
Class_1a_xrRNA_final,7,1.0350402793845221
Class_1a_xrRNA_final,8,0.30039141736478187
Class_1a_xrRNA_final,9,-0.0
Class_1a_xrRNA_final,10,1.8595906727573375
Class_1a_xrRNA_final,11,1.9721896772350962
Class_1a_xrRNA_final,12,1.8624854462843274
Class_1a_xrRNA_final,13,1.4671388723314336
Class_1a_xrRNA_final,14,0.5477592209615612
Class_1a_xrRNA_final,15,0.6283171406944468
Class_1a_xrRNA_final,16,0.5189110235644524
Class_1a_xrRNA_final,17,1.197554397075831
Class_1a_xrRNA_final,18,1.0552875145820815
Class_1a_xrRNA_final,19,0.9843437914311133
Class_1a_xrRNA_final,20,0.9843437914311133
Class_1a_xrRNA_final,21,1.0552875145820815
Class_1a_xrRNA_final,22,1.0552875145820815
Class_1a_xrRNA_final,23,1.636035484599624
Class_1a_xrRNA_final,24,2.150779295910496
Class_1a_xrRNA_final,25,1.7243240168199092
Class_1a_xrRNA_final,26,1.3764159994784126
Class_1a_xrRNA_final,27,2.019743527450551
Class_1a_xrRNA_final,28,1.4203966536865367
Class_1a_xrRNA_final,29,1.0163355298283312
Class_1a_xrRNA_final,30,0.6194538810667269
Class_1a_xrRNA_final,31,0.41808937465173257
Class_1a_xrRNA_final,32,1.2219473319192273
Class_1a_xrRNA_final,33,1.2219473319192273
Class_1a_xrRNA_final,34,1.1952806652525607
Class_1a_xrRNA_final,35,1.1581479558457906
Class_1a_xrRNA_final,36,1.1581479558457906
Class_1a_xrRNA_final,37,1.131481289179124
Class_1a_xrRNA_final,38,1.131481289179124
Class_1a_xrRNA_final,39,1.0947494558169444
Class_1a_xrRNA_final,40,1.1581479558457906
Class_1a_xrRNA_final,41,1.131481289179124
Class_1a_xrRNA_final,42,1.1581479558457906
Class_1a_xrRNA_final,43,1.1581479558457906
Class_1a_xrRNA_final,44,1.131481289179124
Class_1a_xrRNA_final,45,1.131481289179124
Class_1a_xrRNA_final,46,1.131481289179124
Class_1a_xrRNA_final,47,1.1581479558457906
Class_1a_xrRNA_final,48,1.131481289179124
Class_1a_xrRNA_final,49,1.131481289179124
Class_1a_xrRNA_final,50,1.131481289179124
Class_1a_xrRNA_final,51,1.131481289179124
Class_1a_xrRNA_final,52,1.131481289179124
Class_1a_xrRNA_final,53,0.8637593279244158
Class_1a_xrRNA_final,54,0.8003608278955696
Class_1a_xrRNA_final,55,0.8370926612577492
Class_1a_xrRNA_final,56,0.8370926612577492
Class_1a_xrRNA_final,57,0.8370926612577492
Class_1a_xrRNA_final,58,0.7649798087709694
Class_1a_xrRNA_final,59,0.7383131421043028
Class_1a_xrRNA_final,60,0.7649798087709694
Class_1a_xrRNA_final,61,0.7649798087709694
Class_1a_xrRNA_final,62,0.7649798087709694
Class_1a_xrRNA_final,63,0.7649798087709694
Class_1a_xrRNA_final,64,0.7649798087709694
Class_1a_xrRNA_final,65,0.7383131421043028
Class_1a_xrRNA_final,66,0.7649798087709694
Class_1a_xrRNA_final,67,0.7649798087709694
Class_1a_xrRNA_final,68,0.7649798087709694
Class_1a_xrRNA_final,69,0.7649798087709694
Class_1a_xrRNA_final,70,0.7005202506891475
Class_1a_xrRNA_final,71,0.7005202506891475
Class_1a_xrRNA_final,72,0.7005202506891475
Class_1a_xrRNA_final,73,0.7005202506891475
Class_1a_xrRNA_final,74,0.7005202506891475
Class_1a_xrRNA_final,75,0.7005202506891475
Class_1a_xrRNA_final,76,0.7005202506891475
Class_1a_xrRNA_final,77,0.7005202506891475
Class_1a_xrRNA_final,78,0.7005202506891475
Class_1a_xrRNA_final,79,0.7005202506891475
Class_1a_xrRNA_final,80,0.7005202506891475
Class_1a_xrRNA_final,81,0.7005202506891475
Class_1a_xrRNA_final,82,0.7005202506891475
Class_1a_xrRNA_final,83,0.7005202506891475
Class_1a_xrRNA_final,84,0.7005202506891475
Class_1a_xrRNA_final,85,0.7005202506891475
Class_1a_xrRNA_final,86,0.7005202506891475
Class_1a_xrRNA_final,87,0.7005202506891475
Class_1a_xrRNA_final,88,0.7005202506891475
Class_1a_xrRNA_final,89,0.7005202506891475
Class_1a_xrRNA_final,90,0.7005202506891475
Class_1a_xrRNA_final,91,0.7005202506891475
Class_1a_xrRNA_final,92,0.7005202506891475
Class_1a_xrRNA_final,93,0.7005202506891475
Class_1a_xrRNA_final,94,0.7005202506891475
Class_1a_xrRNA_final,95,0.7005202506891475
Class_1a_xrRNA_final,96,0.7005202506891475
Class_1a_xrRNA_final,97,0.7005202506891475
Class_1a_xrRNA_final,98,0.7005202506891475
Class_1a_xrRNA_final,99,0.7005202506891475
Class_1a_xrRNA_final,100,0.7005202506891475
Class_1a_xrRNA_final,101,0.7005202506891475
Class_1a_xrRNA_final,102,0.7005202506891475
Class_1a_xrRNA_final,103,0.7005202506891475
Class_1a_xrRNA_final,104,0.7005202506891475
Class_1a_xrRNA_final,105,1.0552875145820815
Class_1a_xrRNA_final,106,1.197554397075831
Class_1a_xrRNA_final,107,0.5189110235644524
Class_1a_xrRNA_final,108,0.6549838073611134
Class_1a_xrRNA_final,109,1.3713087911732122
Class_1a_xrRNA_final,110,1.8624854462843272
Class_1a_xrRNA_final,111,2.0512777359989256
Class_1a_xrRNA_final,112,0.7925999618916466
Class_1a_xrRNA_final,113,1.8201475302727421
Class_1a_xrRNA_final,114,-0.0
Class_1a_xrRNA_final,115,0.20405611985266403
Class_1a_xrRNA_final,116,0.40148787468057884
Class_1a_xrRNA_final,117,-0.0
Class_1a_xrRNA_final,118,0.6652735227649414
Class_1a_xrRNA_final,119,1.7781851940515228
Class_1a_xrRNA_final,120,1.8327621192226513
Class_1a_xrRNA_final,121,1.593549701472462
Class_1a_xrRNA_final,122,1.4863468137497657
Class_1a_xrRNA_final,123,1.203818523481344
Class_1a_xrRNA_final,124,1.8935896743969303
Class_1a_xrRNA_final,125,1.704027770283498
Class_1a_xrRNA_final,126,1.9728526406971327
Class_1a_xrRNA_final,127,1.1751650552126913
Class_1a_xrRNA_final,128,0.883043181734614
Class_1a_xrRNA_final,129,1.9206447476800168
Class_1a_xrRNA_final,130,2.1133521430889304
Class_1a_xrRNA_final,131,1.9862710278821265
Class_1a_xrRNA_final,132,1.9785788119447505
Class_1a_xrRNA_final,133,1.5398289191872134
Class_1a_xrRNA_final,134,0.17738945318599736
Class_1a_xrRNA_final,135,0.34365958400260227
Class_1a_xrRNA_final,136,1.5807373593451786
Class_1a_xrRNA_final,137,1.8586881168450118
Class_1a_xrRNA_final,138,1.6937407783533909
Class_1a_xrRNA_final,139,1.2782420220984394
Class_1a_xrRNA_final,140,0.3436595840026023
Class_1a_xrRNA_final,141,0.8898680748581969
Class_1a_xrRNA_final,142,1.5977930905018316
Class_1a_xrRNA_final,143,1.8228008887815943
Class_1a_xrRNA_final,144,1.7680652459432145
Class_1a_xrRNA_final,145,0.6343095546405662
Class_1a_xrRNA_final,146,-0.0
Class_1a_xrRNA_final,147,0.34365958400260227
Class_1a_xrRNA_final,148,-0.0
Class_1a_xrRNA_final,149,1.0736395689250653
Class_1a_xrRNA_final,150,0.30039141736478187
Class_1a_xrRNA_final,151,1.2732696895151085
Class_1a_xrRNA_final,152,-0.0
Class_1a_xrRNA_final,153,0.17738945318599736
Class_1a_xrRNA_final,154,-0.0
Class_1a_xrRNA_final,155,1.6581659522425733
Class_1a_xrRNA_final,156,1.5285996001756716
Class_1a_xrRNA_final,157,2.048902007856319
Class_1a_xrRNA_final,158,1.410243815830308
Class_1a_xrRNA_final,159,1.0888949462819588
Class_1a_xrRNA_final,160,0.7992282778442326
Class_1a_xrRNA_final,161,0.7645728795165498
Class_1a_xrRNA_final,162,0.4548212080139121
Class_1a_xrRNA_final,163,0.24229218908241482
Class_1a_xrRNA_final,164,0.10215803640865039
Class_1a_xrRNA_final,165,0.17738945318599736
Class_1a_xrRNA_final,166,1.2186994461954201
Class_1a_xrRNA_final,167,1.9491410730346008
Class_1a_xrRNA_final,168,2.0775837050195594
Class_1a_xrRNA_final,169,2.106051184438696
Class_1a_xrRNA_final,170,1.9063383779678003
Class_1a_xrRNA_final,171,0.929820907156192
Class_1a_xrRNA_final,172,1.1194348670213363
Class_1a_xrRNA_final,173,0.9950871559158871
Class_1a_xrRNA_final,174,1.0282901558581945
Class_1a_xrRNA_final,175,0.9818227008880605
Class_1a_xrRNA_final,176,0.8272264841123642
Class_1a_xrRNA_final,177,0.5964456803536042
Class_1a_xrRNA_final,178,0.34365958400260227
Class_1a_xrRNA_final,179,0.10215803640865039
Class_1a_xrRNA_final,180,0.10215803640865039
Class_1a_xrRNA_final,181,0.929820907156192
Class_1a_xrRNA_final,182,0.17738945318599736
Class_1a_xrRNA_final,183,1.202678935868144
Class_1a_xrRNA_final,184,1.4718069264061833
Class_1a_xrRNA_final,185,1.7523785245479044
Class_1a_xrRNA_final,186,0.10215803640865039
Class_1a_xrRNA_final,187,1.3725881419980437
Class_1a_xrRNA_final,188,0.9950871559158871
Class_1a_xrRNA_final,189,0.9263113483724346
Class_1a_xrRNA_final,190,0.35372475069811515
Class_1a_xrRNA_final,191,0.3803914173647818
Class_1a_xrRNA_final,192,0.2790240224445944
Class_1a_xrRNA_final,193,0.20405611985266403
Class_1a_xrRNA_final,194,0.10215803640865039
Class_1a_xrRNA_final,195,0.4021791902022728
Class_1a_xrRNA_final,196,1.643345437743844
Class_1a_xrRNA_final,197,1.7376326812762006
Class_1a_xrRNA_final,198,1.5181307994421578
Class_1a_xrRNA_final,199,1.4910349335597504
Class_1a_xrRNA_final,200,1.5560523972261924
Class_1a_xrRNA_final,201,1.6311803329080623
Class_1a_xrRNA_final,202,1.2722693485197922
Class_1a_xrRNA_final,203,1.0078227545593306
Class_1a_xrRNA_final,204,0.6028523810955732
Class_1a_xrRNA_final,205,0.41808937465173257
Class_1a_xrRNA_final,206,0.10215803640865039
Class_1a_xrRNA_final,207,0.17738945318599736
Class_1a_xrRNA_final,208,0.20405611985266403
Class_1a_xrRNA_final,209,0.24229218908241482
Class_1a_xrRNA_final,210,0.3803914173647819
Class_1a_xrRNA_final,211,0.35372475069811515
Class_1a_xrRNA_final,212,0.9477732213649254
Class_1a_xrRNA_final,213,1.0448916558293484
Class_1a_xrRNA_final,214,0.763742771466944
Class_1a_xrRNA_final,215,1.507987766036792
Class_1a_xrRNA_final,216,0.10215803640865039
Class_1a_xrRNA_final,217,0.10215803640865039
Class_1a_xrRNA_final,218,1.7326915131779907
Class_1a_xrRNA_final,219,1.4718069264061833
Class_1a_xrRNA_final,220,0.10215803640865039
Class_1a_xrRNA_final,221,1.153969406565109
Class_1a_xrRNA_final,222,0.4447560413183993
Class_1a_xrRNA_final,223,0.8677732213649252
Class_1a_xrRNA_final,224,1.1544434481227601
Class_1a_xrRNA_final,225,1.7549232020585461
Class_1b_xrRNA_final,1,1.950265628001652
Class_1b_xrRNA_final,2,1.8420192178195207
Class_1b_xrRNA_final,3,1.824220513324068
Class_1b_xrRNA_final,4,0.08970338978684994
Class_1b_xrRNA_final,5,0.26854264623156254
Class_1b_xrRNA_final,6,0.679591834002574
Class_1b_xrRNA_final,7,-0.0
Class_1b_xrRNA_final,8,2.0035117501485114
Class_1b_xrRNA_final,9,1.4044638077732032
Class_1b_xrRNA_final,10,-0.0
Class_1b_xrRNA_final,11,0.08970338978684994
Class_1b_xrRNA_final,12,0.21450983370697768
Class_1b_xrRNA_final,13,-0.0
Class_1b_xrRNA_final,14,-0.0
Class_1b_xrRNA_final,15,1.1959809045921073
Class_1b_xrRNA_final,16,0.8962338520819555
Class_1b_xrRNA_final,17,1.078043112262159
Class_1b_xrRNA_final,18,0.08970338978684994
Class_1b_xrRNA_final,19,1.7897488121748908
Class_1b_xrRNA_final,20,1.8976941998923313
Class_1b_xrRNA_final,21,2.0218414462669627
Class_1b_xrRNA_final,22,2.089060505297391
Class_1b_xrRNA_final,23,2.197139493802303
Class_1b_xrRNA_final,24,1.895797319819188
Class_1b_xrRNA_final,25,0.7299537994564947
Class_1b_xrRNA_final,26,0.21450983370697768
Class_1b_xrRNA_final,27,1.8159263647208053
Class_1b_xrRNA_final,28,0.08970338978684994
Class_1b_xrRNA_final,29,1.5465416086540018
Class_1b_xrRNA_final,30,0.08970338978684994
Class_1b_xrRNA_final,31,1.1227594253973963
Class_1b_xrRNA_final,32,0.7206104757575377
Class_1b_xrRNA_final,33,0.5244005080030011
Class_1b_xrRNA_final,34,0.5557060478003132
Class_1b_xrRNA_final,35,0.5471277807302738
Class_1b_xrRNA_final,36,0.5244005080030011
Class_1b_xrRNA_final,37,0.5102515023457678
Class_1b_xrRNA_final,38,0.45858898362767986
Class_1b_xrRNA_final,39,0.26854264623156254
Class_1b_xrRNA_final,40,0.08970338978684994
Class_1b_xrRNA_final,41,0.08970338978684994
Class_1b_xrRNA_final,42,0.08970338978684994
Class_1b_xrRNA_final,43,0.08970338978684994
Class_1b_xrRNA_final,44,0.15649106290570153
Class_1b_xrRNA_final,45,0.5262637144601465
Class_1b_xrRNA_final,46,0.5985878960124225
Class_1b_xrRNA_final,47,0.5928251064639408
Class_1b_xrRNA_final,48,0.9656375157654777
Class_1b_xrRNA_final,49,1.1477109747692622
Class_1b_xrRNA_final,50,1.7650474864618682
Class_1b_xrRNA_final,51,1.906482316815265
Class_1b_xrRNA_final,52,1.9070972861724194
Class_1b_xrRNA_final,53,1.6325520659953279
Class_1b_xrRNA_final,54,2.079920005715726
Class_1b_xrRNA_final,55,1.044111249935865
Class_1b_xrRNA_final,56,0.6013810037473193
Class_1b_xrRNA_final,57,0.3591016256485496
Class_1b_xrRNA_final,58,0.08970338978684994
Class_1b_xrRNA_final,59,0.08970338978684994
Class_1b_xrRNA_final,60,0.08970338978684994
Class_1b_xrRNA_final,61,0.08970338978684994
Class_1b_xrRNA_final,62,0.24581537350428984
Class_1b_xrRNA_final,63,0.4813162563549526
Class_1b_xrRNA_final,64,0.44764042275114346
Class_1b_xrRNA_final,65,0.08970338978684994
Class_1b_xrRNA_final,66,0.5102515023457678
Class_1b_xrRNA_final,67,0.5244005080030011
Class_1b_xrRNA_final,68,0.5471277807302738
Class_1b_xrRNA_final,69,0.5557060478003132
Class_1b_xrRNA_final,70,0.679591834002574
Class_1b_xrRNA_final,71,1.078439714830463
Class_1b_xrRNA_final,72,1.5225818325347646
Class_1b_xrRNA_final,73,1.8228631157370385
Class_1b_xrRNA_final,74,0.08970338978684994
Class_1b_xrRNA_final,75,0.26854264623156254
Class_1b_xrRNA_final,76,0.5985878960124225
Class_1b_xrRNA_final,77,1.8402888843665484
Class_1b_xrRNA_final,78,2.2315872676903874
Class_1b_xrRNA_final,79,2.1289043470398163
Class_1b_xrRNA_final,80,2.0522643750480096
Class_1b_xrRNA_final,81,0.15649106290570153
Class_1b_xrRNA_final,82,0.15649106290570153
Class_1b_xrRNA_final,83,1.9136061941585947
Class_1b_xrRNA_final,84,1.878137182838046
Class_1b_xrRNA_final,85,0.08970338978684994
Class_1b_xrRNA_final,86,0.7461243202097078
Class_1b_xrRNA_final,87,0.08970338978684994
Class_1b_xrRNA_final,88,0.21450983370697768
Class_1b_xrRNA_final,89,0.26676498780302604
Class_1b_xrRNA_final,90,1.229184549440685
Class_1b_xrRNA_final,91,-0.0
Class_1b_xrRNA_final,92,-0.0
Class_1b_xrRNA_final,93,0.5276284469783072
Class_1b_xrRNA_final,94,1.8736354627058496
Class_1b_xrRNA_final,95,1.688027011403008
Class_1b_xrRNA_final,96,0.6013810037473193
Class_1b_xrRNA_final,97,-0.0
Class_1b_xrRNA_final,98,1.6450002645121053
Class_1b_xrRNA_final,99,1.3537320640605877
Class_1b_xrRNA_final,100,0.9421723843305839
Class_1b_xrRNA_final,101,-0.0
Class_1b_xrRNA_final,102,1.0597856773283718
Class_1b_xrRNA_final,103,1.2507751113806465
Class_1b_xrRNA_final,104,1.2421127721379879
Class_1b_xrRNA_final,105,0.30364126618753207
Class_1b_xrRNA_final,106,-0.0
Class_1b_xrRNA_final,107,-0.0
Class_1b_xrRNA_final,108,-0.0
Class_1b_xrRNA_final,109,1.229184549440685
Class_1b_xrRNA_final,110,0.3591016256485496
Class_1b_xrRNA_final,111,0.5746356978376794
Class_1b_xrRNA_final,112,0.08970338978684994
Class_1b_xrRNA_final,113,0.7461243202097078
Class_1b_xrRNA_final,114,-0.0
Class_1b_xrRNA_final,115,0.08970338978684994
Class_1b_xrRNA_final,116,1.51425405543975
Class_1b_xrRNA_final,117,2.0248182747920884
Class_1b_xrRNA_final,118,-0.0
Class_1b_xrRNA_final,119,1.6799758182662186
Class_1b_xrRNA_final,120,0.30364126618753207
Class_1b_xrRNA_final,121,0.17921833563297423
Class_1b_xrRNA_final,122,-0.0
Class_1b_xrRNA_final,123,0.08970338978684994
Class_1b_xrRNA_final,124,1.209082682832086
Class_1b_xrRNA_final,125,1.3152115423719977
Class_1b_xrRNA_final,126,0.08970338978684994
Class_1b_xrRNA_final,127,0.9855148686911552
Class_1b_xrRNA_final,128,1.271123260094588
Class_1b_xrRNA_final,129,0.5158222409329617
Class_1b_xrRNA_final,130,0.45858898362767986
Class_1b_xrRNA_final,131,0.15649106290570153
Class_1b_xrRNA_final,132,0.9651620159931321
Class_1b_xrRNA_final,133,1.4086691874257768
Class_1b_xrRNA_final,134,1.7358076679321521
Class_1b_xrRNA_final,135,0.26854264623156254
Class_1b_xrRNA_final,136,1.8816902076872792
Class_1b_xrRNA_final,137,1.9539559463560503
Class_1b_xrRNA_final,138,2.0375292789322663
Class_1b_xrRNA_final,139,2.2343658091942626
Class_1b_xrRNA_final,140,2.104299032531084
Class_1b_xrRNA_final,141,1.638084496277588
Class_1b_xrRNA_final,142,1.3203539941199391
Class_1b_xrRNA_final,143,1.075416789733177
Class_1b_xrRNA_final,144,0.8417922319777582
Class_1b_xrRNA_final,145,0.6041586345996163
Class_1b_xrRNA_final,146,0.5672823562151103
Class_1b_xrRNA_final,147,0.5329787750730405
Class_1b_xrRNA_final,148,0.4813162563549526
Class_1b_xrRNA_final,149,0.45858898362767986
Class_1b_xrRNA_final,150,0.4444399779704466
Class_1b_xrRNA_final,151,0.45858898362767986
Class_1b_xrRNA_final,152,0.40115579134417495
Class_1b_xrRNA_final,153,0.3925775242741355
Class_1b_xrRNA_final,154,0.24581537350428984
Class_1b_xrRNA_final,155,0.26854264623156254
Class_1b_xrRNA_final,156,0.26854264623156254
Class_1b_xrRNA_final,157,0.17921833563297423
Class_1b_xrRNA_final,158,0.15649106290570153
Class_1b_xrRNA_final,159,0.17921833563297423
Class_1b_xrRNA_final,160,0.17921833563297423
Class_1b_xrRNA_final,161,0.15649106290570153
Class_1b_xrRNA_final,162,0.15649106290570153
Class_1b_xrRNA_final,163,0.08970338978684994
Class_1b_xrRNA_final,164,0.08970338978684994
Class_1b_xrRNA_final,165,0.08970338978684994
Class_1b_xrRNA_final,166,0.08970338978684994
Class_1b_xrRNA_final,167,0.08970338978684994
Class_1b_xrRNA_final,168,0.08970338978684994
Class_1b_xrRNA_final,169,1.7517363045347354
Class_1b_xrRNA_final,170,1.8749785944411326
Class_1b_xrRNA_final,171,1.9771548118193185
Class_1b_xrRNA_final,172,2.1438635803287256
Class_1b_xrRNA_final,173,2.1142982847277483
Class_1b_xrRNA_final,174,1.7500077409833583
Class_1b_xrRNA_final,175,1.141235925341464
Class_1b_xrRNA_final,176,0.45858898362767986
Class_1b_xrRNA_final,177,0.35570124588962954
Class_1b_xrRNA_final,178,0.33494680598484416
Class_1b_xrRNA_final,179,0.08970338978684994
Class_1b_xrRNA_final,180,0.08970338978684994
Class_1b_xrRNA_final,181,-0.0
Class_1b_xrRNA_final,182,-0.0
Class_1b_xrRNA_final,183,-0.0
Class_1b_xrRNA_final,184,-0.0
Class_1b_xrRNA_final,185,-0.0
Class_1b_xrRNA_final,186,-0.0
Class_1b_xrRNA_final,187,-0.0
Class_1b_xrRNA_final,188,0.08970338978684994
Class_1b_xrRNA_final,189,0.35767407871211687
Class_1b_xrRNA_final,190,0.4671672506977193
Class_1b_xrRNA_final,191,0.5802965269847314
Class_1b_xrRNA_final,192,2.0749456648719495
Class_1b_xrRNA_final,193,1.9434923240419963
Class_1b_xrRNA_final,194,2.0826779502249884
Class_1b_xrRNA_final,195,2.151550181989484
Class_1b_xrRNA_final,196,2.1878393100630493
Class_1b_xrRNA_final,197,2.1880653634222935
Class_1b_xrRNA_final,198,1.7855822850483676
Class_1b_xrRNA_final,199,1.5232694699721783
Class_1b_xrRNA_final,200,1.1899749336848537
Class_1b_xrRNA_final,201,0.8797802088546924
Class_1b_xrRNA_final,202,0.7855969466410373
Class_1b_xrRNA_final,203,0.6326865435446314
Class_1b_xrRNA_final,204,0.5158222409329616
Class_1b_xrRNA_final,205,0.17921833563297423
Class_1b_xrRNA_final,206,0.08970338978684994
Class_1b_xrRNA_final,207,0.08970338978684994
Class_1b_xrRNA_final,208,0.08970338978684994
Class_1b_xrRNA_final,209,0.08970338978684994
Class_1b_xrRNA_final,210,0.08970338978684994
Class_1b_xrRNA_final,211,0.08970338978684994
Class_1b_xrRNA_final,212,-0.0
Class_1b_xrRNA_final,213,-0.0
Class_1b_xrRNA_final,214,0.08970338978684994
Class_1b_xrRNA_final,215,0.08970338978684994
Class_1b_xrRNA_final,216,0.33494680598484416
Class_1b_xrRNA_final,217,0.3557012458896295
Class_1b_xrRNA_final,218,0.42388306407144766
Class_1b_xrRNA_final,219,1.037800266465048
Class_1b_xrRNA_final,220,1.7892361441264277
Class_1b_xrRNA_final,221,0.26854264623156254
Class_1b_xrRNA_final,222,2.197706941869473
Class_1b_xrRNA_final,223,2.1968467903388373
Class_1b_xrRNA_final,224,2.0240240707955306
Class_1b_xrRNA_final,225,0.42171270524317384
Class_1b_xrRNA_final,226,1.998789933252846
Class_1b_xrRNA_final,227,-0.0
Class_1b_xrRNA_final,228,1.8574770291852156
Class_1b_xrRNA_final,229,-0.0
Class_1b_xrRNA_final,230,2.065991696548069
Class_1b_xrRNA_final,231,2.1376171790482363
Class_1b_xrRNA_final,232,2.1556425164600865
Class_2_xrRNA_final,1,1.4990004419361496
Class_2_xrRNA_final,2,1.8225703358961085
Class_2_xrRNA_final,3,1.7356772435069647
Class_2_xrRNA_final,4,1.6711050433393937
Class_2_xrRNA_final,5,1.7918113321981028
Class_2_xrRNA_final,6,1.1522344513156102
Class_2_xrRNA_final,7,2.127212212813303
Class_2_xrRNA_final,8,1.6337219019036167
Class_2_xrRNA_final,9,1.8618476591526094
Class_2_xrRNA_final,10,0.9659145431124672
Class_2_xrRNA_final,11,1.7183615123640053
Class_2_xrRNA_final,12,2.043477391988815
Class_2_xrRNA_final,13,1.9755073846019484
Class_2_xrRNA_final,14,2.0274994417996224
Class_2_xrRNA_final,15,1.9972441366392826
Class_2_xrRNA_final,16,2.0523824181661636
Class_2_xrRNA_final,17,1.6159993958555634
Class_2_xrRNA_final,18,1.1934387451434485
Class_2_xrRNA_final,19,1.1934387451434483
Class_2_xrRNA_final,20,0.17556502585750278
Class_2_xrRNA_final,21,0.17556502585750278
Class_2_xrRNA_final,22,0.17556502585750278
Class_2_xrRNA_final,23,-0.0
Class_2_xrRNA_final,24,0.2974722489192896
Class_2_xrRNA_final,25,1.0869877023399053
Class_2_xrRNA_final,26,0.4709563136258532
Class_2_xrRNA_final,27,1.2363864108712894
Class_2_xrRNA_final,28,0.6433554975880187
Class_2_xrRNA_final,29,1.2974722489192896
Class_2_xrRNA_final,30,0.7421408439437847
Class_2_xrRNA_final,31,1.3712437847710617
Class_2_xrRNA_final,32,0.8314743880097293
Class_2_xrRNA_final,33,0.17556502585750278
Class_2_xrRNA_final,34,0.17556502585750278
Class_2_xrRNA_final,35,1.4493911393860022
Class_2_xrRNA_final,36,1.663374897428728
Class_2_xrRNA_final,37,1.9147376359410142
Class_2_xrRNA_final,38,1.521449099004242
Class_2_xrRNA_final,39,1.3829839249845155
Class_2_xrRNA_final,40,1.4150659215555708
Class_2_xrRNA_final,41,1.4150659215555708
Class_2_xrRNA_final,42,0.5617526078313282
Class_2_xrRNA_final,43,0.5617526078313282
Class_2_xrRNA_final,44,0.17556502585750278
Class_2_xrRNA_final,45,0.17556502585750278
Class_2_xrRNA_final,46,0.8314743880097293
Class_2_xrRNA_final,47,1.3712437847710617
Class_2_xrRNA_final,48,0.8146378834744021
Class_2_xrRNA_final,49,1.2974722489192896
Class_2_xrRNA_final,50,0.6433554975880186
Class_2_xrRNA_final,51,-0.0
Class_2_xrRNA_final,52,0.3984592740952357
Class_2_xrRNA_final,53,-0.0
Class_2_xrRNA_final,54,-0.0
Class_2_xrRNA_final,55,-0.0
Class_2_xrRNA_final,56,1.5656023497900171
Class_2_xrRNA_final,57,0.8596410002287574
Class_2_xrRNA_final,58,1.665122365355999
Class_2_xrRNA_final,59,1.8082593419250017
Class_2_xrRNA_final,60,1.3136807229915488
Class_2_xrRNA_final,61,0.7871439606981399
Class_2_xrRNA_final,62,0.3984592740952357
Class_2_xrRNA_final,63,0.5708584580574011
Class_2_xrRNA_final,64,-0.0
Class_2_xrRNA_final,65,0.17556502585750278
Class_2_xrRNA_final,66,1.1897319168207328
Class_2_xrRNA_final,67,1.4747260076939743
Class_2_xrRNA_final,68,-0.0
Class_2_xrRNA_final,69,-0.0
Class_2_xrRNA_final,70,0.2974722489192896
Class_2_xrRNA_final,71,0.3984592740952357
Class_2_xrRNA_final,72,0.5617526078313282
Class_2_xrRNA_final,73,0.17556502585750278
Class_2_xrRNA_final,74,0.6895092649964162
Class_2_xrRNA_final,75,1.2256186891151253
Class_2_xrRNA_final,76,0.7421408439437847
Class_2_xrRNA_final,77,1.9512329503597727
Class_2_xrRNA_final,78,1.6099865712483425
Class_2_xrRNA_final,79,2.1029334343823503
Class_2_xrRNA_final,80,2.20020284165082
Class_2_xrRNA_final,81,2.0962270294210077
Class_2_xrRNA_final,82,1.845050479206109
Class_2_xrRNA_final,83,1.1913445516178385
Class_2_xrRNA_final,84,1.7958481937199449
Class_2_xrRNA_final,85,1.5882541633997853
Class_2_xrRNA_final,86,2.001698126237882
Class_2_xrRNA_final,87,1.1522344513156102
Class_2_xrRNA_final,88,0.5235878925732217
Class_2_xrRNA_final,89,1.4033045451719652
Class_2_xrRNA_final,90,1.6671395892528786
Class_2_xrRNA_final,91,1.8401473769485153
Class_2_xrRNA_final,92,2.0230780862440736
Class_2_xrRNA_final,93,1.318168351590108
Class_2_xrRNA_final,94,1.3178730680195274
Class_2_xrRNA_final,95,1.5797246680445114
Class_2_xrRNA_final,96,0.956089075908847
Class_2_xrRNA_final,97,1.7146332903730943
Class_2_xrRNA_final,98,0.3984592740952357
Class_2_xrRNA_final,99,0.2974722489192896
Class_2_xrRNA_final,100,1.2108100261060328
Class_2_xrRNA_final,101,0.4709563136258532
Class_2_xrRNA_final,102,0.6567431466322969
Class_2_xrRNA_final,103,0.5708584580574011
Class_2_xrRNA_final,104,0.3984592740952357
Class_2_xrRNA_final,105,-0.0
Class_2_xrRNA_final,106,-0.0
Class_2_xrRNA_final,107,0.5708584580574011
Class_2_xrRNA_final,108,0.2974722489192896
Class_2_xrRNA_final,109,0.7871439606981399
RF04326_c,1,0.027989437753261202
RF04326_c,2,1.8781105935069706
RF04326_c,3,1.2047421459122625
RF04326_c,4,0.23561447369923846
RF04326_c,5,1.801157091088456
RF04326_c,6,0.05031761290692778
RF04326_c,7,1.7557890350192495
RF04326_c,8,1.9216919639962327
RF04326_c,9,0.5758321001396234
RF04326_c,10,-0.0
RF04326_c,11,0.3048853077123407
RF04326_c,12,0.05031761290692778
RF04326_c,13,0.44635996554292884
RF04326_c,14,0.12074980587584468
RF04326_c,15,1.5882636182798027
RF04326_c,16,1.734698689449058
RF04326_c,17,1.788547270239745
RF04326_c,18,1.712136369319231
RF04326_c,19,1.1305948460525181
RF04326_c,20,2.0181807109397387
RF04326_c,21,1.5877060648751957
RF04326_c,22,1.4650432679711938
RF04326_c,23,0.21042631964771946
RF04326_c,24,0.05596733042105208
RF04326_c,25,0.05596733042105208
RF04326_c,26,0.05596733042105208
RF04326_c,27,0.027989437753261202
RF04326_c,28,0.027989437753261202
RF04326_c,29,0.027989437753261202
RF04326_c,30,0.027989437753261202
RF04326_c,31,0.027989437753261202
RF04326_c,32,0.027989437753261202
RF04326_c,33,0.027989437753261202
RF04326_c,34,0.027989437753261202
RF04326_c,35,0.027989437753261202
RF04326_c,36,0.05596733042105208
RF04326_c,37,0.2548975426743737
RF04326_c,38,0.3898052346265354
RF04326_c,39,0.9604649451678433
RF04326_c,40,2.121560071410052
RF04326_c,41,1.8129446324203413
RF04326_c,42,1.9731857816267904
RF04326_c,43,1.3815582085079163
RF04326_c,44,-0.0
RF04326_c,45,0.18368992769709824
RF04326_c,46,-0.0
RF04326_c,47,0.05031761290692778
RF04326_c,48,0.24021603823094922
RF04326_c,49,0.42663914361335503
RF04326_c,50,0.07828392769062226
RF04326_c,51,0.027989437753261202
RF04326_c,52,0.21357981533827733
RF04326_c,53,1.7375197736494408
RF04326_c,54,1.7664879244117453
RF04326_c,55,0.05596733042105208
RF04326_c,56,1.0915830835896256
RF04326_c,57,1.7920950912153413
RF04326_c,58,1.574162785547657
RF04326_c,59,0.07828392769062226
RF04326_c,60,0.46312389034318524
RF04326_c,61,0.027989437753261202
RF04326_c,62,0.6567720036549632
RF04326_c,63,1.151260431368461
RF04326_c,64,0.3375869781158813
RF04326_c,65,0.08393364520474654
RF04326_c,66,1.9678129089221739
RF04326_c,67,0.19609207324953662
RF04326_c,68,1.740944495615702
RF04326_c,69,1.783470032373664
RF04326_c,70,0.18969208465275247
RF04326_c,71,1.2051495800429008
RF04326_c,72,1.9570983022648827
RF04326_c,73,1.8752036081774188
RF04326_c,74,1.1000643869659041
RF04326_c,75,0.3147867831186357
RF04326_c,76,0.2443488345356386
RF04326_c,77,0.22397640858028972
RF04326_c,78,0.1875596340816692
RF04326_c,79,0.17412774848233742
RF04326_c,80,0.12074980587584468
RF04326_c,81,0.10703581442874482
RF04326_c,82,0.12639952338996896
RF04326_c,83,0.11723253893280362
RF04326_c,84,0.12639952338996896
RF04326_c,85,0.09845646351949873
RF04326_c,86,0.09845646351949873
RF04326_c,87,0.08928947906233338
RF04326_c,88,0.08928947906233338
RF04326_c,89,0.09845646351949872
RF04326_c,90,0.09845646351949873
RF04326_c,91,0.09845646351949872
RF04326_c,92,0.10058891409058197
RF04326_c,93,0.09845646351949872
RF04326_c,94,0.05596733042105208
RF04326_c,95,-0.0
RF04326_c,96,0.24886293679498087
RF04326_c,97,0.98975699098308
RF04326_c,98,-0.0
RF04326_c,99,1.4030343514994814
RF04326_c,100,1.9740216202940264
RF04326_c,101,1.8181864394070955
RF04326_c,102,2.0552008718281805
RF04326_c,103,0.9379345246424777
RF04326_c,104,0.36565214068623375
RF04326_c,105,0.2270608039443619
RF04326_c,106,0.027989437753261202
RF04326_c,107,1.7665925630666384
RF04326_c,108,1.3085731045502451
